--
-- Dumping data for table `divisions`
--

INSERT INTO `divisions` (`id`, `name`, `bn_name`, `lat`, `long`, `created_at`, `updated_at`) VALUES
(1, 'Barishal', 'বরিশাল', '22.701002', '90.353451', '2021-06-14 12:22:38', '2021-06-14 12:22:38'),
(2, 'Chattogram', 'চট্টগ্রাম', '22.356851', '91.783182', '2021-06-14 12:22:38', '2021-06-14 12:22:38'),
(3, 'Dhaka', 'ঢাকা', '23.810332', '90.412518', '2021-06-14 12:22:38', '2021-06-14 12:22:38'),
(4, 'Khulna', 'খুলনা', '22.845641', '89.540328', '2021-06-14 12:22:38', '2021-06-14 12:22:38'),
(5, 'Rajshahi', 'রাজশাহী', '24.363589', '88.624135', '2021-06-14 12:22:38', '2021-06-14 12:22:38'),
(6, 'Rangpur', 'রংপুর', '25.743892', '89.275227', '2021-06-14 12:22:38', '2021-06-14 12:22:38'),
(7, 'Sylhet', 'সিলেট', '24.894929', '91.868706', '2021-06-14 12:22:38', '2021-06-14 12:22:38'),
(8, 'Mymensingh', 'ময়মনসিংহ', '24.747149', '90.420273', '2021-06-14 12:22:38', '2021-06-14 12:22:38');tabase: `anjashrafiabd`
--

--
-- Dumping data for table `districts`
--

INSERT INTO `districts` (`id`, `division_id`, `name`, `bn_name`, `lat`, `long`, `created_at`, `updated_at`) VALUES
(1, 3, 'Dhaka', 'ঢাকা', '23.7115253', '90.4111451', '2021-06-14 12:22:38', '2021-06-14 12:22:38'),
(2, 3, 'Faridpur', 'ফরিদপুর', '23.6070822', '89.8429406', '2021-06-14 12:22:38', '2021-06-14 12:22:38'),
(3, 3, 'Gazipur', 'গাজীপুর', '24.0022858', '90.4264283', '2021-06-14 12:22:38', '2021-06-14 12:22:38'),
(4, 3, 'Gopalganj', 'গোপালগঞ্জ', '23.0050857', '89.8266059', '2021-06-14 12:22:38', '2021-06-14 12:22:38'),
(5, 8, 'Jamalpur', 'জামালপুর', '24.937533', '89.937775', '2021-06-14 12:22:38', '2021-06-14 12:22:38'),
(6, 3, 'Kishoreganj', 'কিশোরগঞ্জ', '24.444937', '90.776575', '2021-06-14 12:22:38', '2021-06-14 12:22:38'),
(7, 3, 'Madaripur', 'মাদারীপুর', '23.164102', '90.1896805', '2021-06-14 12:22:38', '2021-06-14 12:22:38'),
(8, 3, 'Manikganj', 'মানিকগঞ্জ', '23.8644', '90.0047', '2021-06-14 12:22:38', '2021-06-14 12:22:38'),
(9, 3, 'Munshiganj', 'মুন্সিগঞ্জ', '23.5422', '90.5305', '2021-06-14 12:22:38', '2021-06-14 12:22:38'),
(10, 8, 'Mymensingh', 'ময়মনসিংহ', '24.7471', '90.4203', '2021-06-14 12:22:38', '2021-06-14 12:22:38'),
(11, 3, 'Narayanganj', 'নারায়াণগঞ্জ', '23.63366', '90.496482', '2021-06-14 12:22:38', '2021-06-14 12:22:38'),
(12, 3, 'Narsingdi', 'নরসিংদী', '23.932233', '90.71541', '2021-06-14 12:22:38', '2021-06-14 12:22:38'),
(13, 8, 'Netrokona', 'নেত্রকোণা', '24.870955', '90.727887', '2021-06-14 12:22:38', '2021-06-14 12:22:38'),
(14, 3, 'Rajbari', 'রাজবাড়ি', '23.7574305', '89.6444665', '2021-06-14 12:22:38', '2021-06-14 12:22:38'),
(15, 3, 'Shariatpur', 'শরীয়তপুর', '23.2423', '90.4348', '2021-06-14 12:22:38', '2021-06-14 12:22:38'),
(16, 8, 'Sherpur', 'শেরপুর', '25.0204933', '90.0152966', '2021-06-14 12:22:38', '2021-06-14 12:22:38'),
(17, 3, 'Tangail', 'টাঙ্গাইল', '24.2513', '89.9167', '2021-06-14 12:22:38', '2021-06-14 12:22:38'),
(18, 5, 'Bogura', 'বগুড়া', '24.8465228', '89.377755', '2021-06-14 12:22:38', '2021-06-14 12:22:38'),
(19, 5, 'Joypurhat', 'জয়পুরহাট', '25.0968', '89.0227', '2021-06-14 12:22:38', '2021-06-14 12:22:38'),
(20, 5, 'Naogaon', 'নওগাঁ', '24.7936', '88.9318', '2021-06-14 12:22:38', '2021-06-14 12:22:38'),
(21, 5, 'Natore', 'নাটোর', '24.420556', '89.000282', '2021-06-14 12:22:38', '2021-06-14 12:22:38'),
(22, 5, 'Nawabganj', 'নবাবগঞ্জ', '24.5965034', '88.2775122', '2021-06-14 12:22:38', '2021-06-14 12:22:38'),
(23, 5, 'Pabna', 'পাবনা', '23.998524', '89.233645', '2021-06-14 12:22:38', '2021-06-14 12:22:38'),
(24, 5, 'Rajshahi', 'রাজশাহী', '24.3745', '88.6042', '2021-06-14 12:22:38', '2021-06-14 12:22:38'),
(25, 5, 'Sirajgonj', 'সিরাজগঞ্জ', '24.4533978', '89.7006815', '2021-06-14 12:22:38', '2021-06-14 12:22:38'),
(26, 6, 'Dinajpur', 'দিনাজপুর', '25.6217061', '88.6354504', '2021-06-14 12:22:38', '2021-06-14 12:22:38'),
(27, 6, 'Gaibandha', 'গাইবান্ধা', '25.328751', '89.528088', '2021-06-14 12:22:38', '2021-06-14 12:22:38'),
(28, 6, 'Kurigram', 'কুড়িগ্রাম', '25.805445', '89.636174', '2021-06-14 12:22:38', '2021-06-14 12:22:38'),
(29, 6, 'Lalmonirhat', 'লালমনিরহাট', '25.9923', '89.2847', '2021-06-14 12:22:38', '2021-06-14 12:22:38'),
(30, 6, 'Nilphamari', 'নীলফামারী', '25.931794', '88.856006', '2021-06-14 12:22:38', '2021-06-14 12:22:38'),
(31, 6, 'Panchagarh', 'পঞ্চগড়', '26.3411', '88.5541606', '2021-06-14 12:22:38', '2021-06-14 12:22:38'),
(32, 6, 'Rangpur', 'রংপুর', '25.7558096', '89.244462', '2021-06-14 12:22:38', '2021-06-14 12:22:38'),
(33, 6, 'Thakurgaon', 'ঠাকুরগাঁও', '26.0336945', '88.4616834', '2021-06-14 12:22:38', '2021-06-14 12:22:38'),
(34, 1, 'Barguna', 'বরগুনা', '22.0953', '90.1121', '2021-06-14 12:22:38', '2021-06-14 12:22:38'),
(35, 1, 'Barishal', 'বরিশাল', '22.7010', '90.3535', '2021-06-14 12:22:38', '2021-06-14 12:22:38'),
(36, 1, 'Bhola', 'ভোলা', '22.685923', '90.648179', '2021-06-14 12:22:38', '2021-06-14 12:22:38'),
(37, 1, 'Jhalokati', 'ঝালকাঠি', '22.6406', '90.1987', '2021-06-14 12:22:38', '2021-06-14 12:22:38'),
(38, 1, 'Patuakhali', 'পটুয়াখালী', '22.3596316', '90.3298712', '2021-06-14 12:22:38', '2021-06-14 12:22:38'),
(39, 1, 'Pirojpur', 'পিরোজপুর', '22.5841', '89.9720', '2021-06-14 12:22:38', '2021-06-14 12:22:38'),
(40, 2, 'Bandarban', 'বান্দরবান', '22.1953275', '92.2183773', '2021-06-14 12:22:38', '2021-06-14 12:22:38'),
(41, 2, 'Brahmanbaria', 'ব্রাহ্মণবাড়িয়া', '23.9570904', '91.1119286', '2021-06-14 12:22:38', '2021-06-14 12:22:38'),
(42, 2, 'Chandpur', 'চাঁদপুর', '23.2332585', '90.6712912', '2021-06-14 12:22:38', '2021-06-14 12:22:38'),
(43, 2, 'Chattogram', 'চট্টগ্রাম', '22.335109', '91.834073', '2021-06-14 12:22:38', '2021-06-14 12:22:38'),
(44, 2, 'Cumilla', 'কুমিল্লা', '23.4682747', '91.1788135', '2021-06-14 12:22:38', '2021-06-14 12:22:38'),
(45, 2, 'Cox\'s Bazar', 'কক্স বাজার', '21.4272', '92.0058', '2021-06-14 12:22:38', '2021-06-14 12:22:38'),
(46, 2, 'Feni', 'ফেনী', '23.0159', '91.3976', '2021-06-14 12:22:38', '2021-06-14 12:22:38'),
(47, 2, 'Khagrachari', 'খাগড়াছড়ি', '23.119285', '91.984663', '2021-06-14 12:22:38', '2021-06-14 12:22:38'),
(48, 2, 'Lakshmipur', 'লক্ষ্মীপুর', '22.942477', '90.841184', '2021-06-14 12:22:38', '2021-06-14 12:22:38'),
(49, 2, 'Noakhali', 'নোয়াখালী', '22.869563', '91.099398', '2021-06-14 12:22:38', '2021-06-14 12:22:38'),
(50, 2, 'Rangamati', 'রাঙ্গামাটি', '22.7324', '92.2985', '2021-06-14 12:22:38', '2021-06-14 12:22:38'),
(51, 7, 'Habiganj', 'হবিগঞ্জ', '24.374945', '91.41553', '2021-06-14 12:22:38', '2021-06-14 12:22:38'),
(52, 7, 'Maulvibazar', 'মৌলভীবাজার', '24.482934', '91.777417', '2021-06-14 12:22:38', '2021-06-14 12:22:38'),
(53, 7, 'Sunamganj', 'সুনামগঞ্জ', '25.0658042', '91.3950115', '2021-06-14 12:22:38', '2021-06-14 12:22:38'),
(54, 7, 'Sylhet', 'সিলেট', '24.8897956', '91.8697894', '2021-06-14 12:22:38', '2021-06-14 12:22:38'),
(55, 4, 'Bagerhat', 'বাগেরহাট', '22.651568', '89.785938', '2021-06-14 12:22:38', '2021-06-14 12:22:38'),
(56, 4, 'Chuadanga', 'চুয়াডাঙ্গা', '23.6401961', '88.841841', '2021-06-14 12:22:38', '2021-06-14 12:22:38'),
(57, 4, 'Jashore', 'যশোর', '23.16643', '89.2081126', '2021-06-14 12:22:38', '2021-06-14 12:22:38'),
(58, 4, 'Jhenaidah', 'ঝিনাইদহ', '23.5448176', '89.1539213', '2021-06-14 12:22:38', '2021-06-14 12:22:38'),
(59, 4, 'Khulna', 'খুলনা', '22.815774', '89.568679', '2021-06-14 12:22:38', '2021-06-14 12:22:38'),
(60, 4, 'Kushtia', 'কুষ্টিয়া', '23.901258', '89.120482', '2021-06-14 12:22:38', '2021-06-14 12:22:38'),
(61, 4, 'Magura', 'মাগুরা', '23.487337', '89.419956', '2021-06-14 12:22:38', '2021-06-14 12:22:38'),
(62, 4, 'Meherpur', 'মেহেরপুর', '23.762213', '88.631821', '2021-06-14 12:22:38', '2021-06-14 12:22:38'),
(63, 4, 'Narail', 'নড়াইল', '23.172534', '89.512672', '2021-06-14 12:22:38', '2021-06-14 12:22:38'),
(64, 4, 'Satkhira', 'সাতক্ষীরা', '22.7185', '89.0705', '2021-06-14 12:22:38', '2021-06-14 12:22:38');

--
-- Dumping data for table `upazilas`
--

INSERT INTO `upazilas` (`id`, `district_id`, `name`, `bn_name`, `created_at`, `updated_at`) VALUES
(1, 34, 'Amtali', 'আমতলী', '2021-06-14 12:22:38', '2021-06-14 12:22:38'),
(2, 34, 'Bamna', 'বামনা', '2021-06-14 12:22:38', '2021-06-14 12:22:38'),
(3, 34, 'Barguna Sadar', 'বরগুনা সদর', '2021-06-14 12:22:38', '2021-06-14 12:22:38'),
(4, 34, 'Betagi', 'বেতাগি', '2021-06-14 12:22:38', '2021-06-14 12:22:38'),
(5, 34, 'Patharghata', 'পাথরঘাটা', '2021-06-14 12:22:38', '2021-06-14 12:22:38'),
(6, 34, 'Taltali', 'তালতলী', '2021-06-14 12:22:38', '2021-06-14 12:22:38'),
(7, 35, 'Muladi', 'মুলাদি', '2021-06-14 12:22:38', '2021-06-14 12:22:38'),
(8, 35, 'Babuganj', 'বাবুগঞ্জ', '2021-06-14 12:22:38', '2021-06-14 12:22:38'),
(9, 35, 'Agailjhara', 'আগাইলঝরা', '2021-06-14 12:22:38', '2021-06-14 12:22:38'),
(10, 35, 'Barisal Sadar', 'বরিশাল সদর', '2021-06-14 12:22:38', '2021-06-14 12:22:38'),
(11, 35, 'Bakerganj', 'বাকেরগঞ্জ', '2021-06-14 12:22:38', '2021-06-14 12:22:38'),
(12, 35, 'Banaripara', 'বানাড়িপারা', '2021-06-14 12:22:38', '2021-06-14 12:22:38'),
(13, 35, 'Gaurnadi', 'গৌরনদী', '2021-06-14 12:22:38', '2021-06-14 12:22:38'),
(14, 35, 'Hizla', 'হিজলা', '2021-06-14 12:22:38', '2021-06-14 12:22:38'),
(15, 35, 'Mehendiganj', 'মেহেদিগঞ্জ ', '2021-06-14 12:22:38', '2021-06-14 12:22:38'),
(16, 35, 'Wazirpur', 'ওয়াজিরপুর', '2021-06-14 12:22:38', '2021-06-14 12:22:38'),
(17, 36, 'Bhola Sadar', 'ভোলা সদর', '2021-06-14 12:22:38', '2021-06-14 12:22:38'),
(18, 36, 'Burhanuddin', 'বুরহানউদ্দিন', '2021-06-14 12:22:38', '2021-06-14 12:22:38'),
(19, 36, 'Char Fasson', 'চর ফ্যাশন', '2021-06-14 12:22:38', '2021-06-14 12:22:38'),
(20, 36, 'Daulatkhan', 'দৌলতখান', '2021-06-14 12:22:38', '2021-06-14 12:22:38'),
(21, 36, 'Lalmohan', 'লালমোহন', '2021-06-14 12:22:38', '2021-06-14 12:22:38'),
(22, 36, 'Manpura', 'মনপুরা', '2021-06-14 12:22:38', '2021-06-14 12:22:38'),
(23, 36, 'Tazumuddin', 'তাজুমুদ্দিন', '2021-06-14 12:22:38', '2021-06-14 12:22:38'),
(24, 37, 'Jhalokati Sadar', 'ঝালকাঠি সদর', '2021-06-14 12:22:38', '2021-06-14 12:22:38'),
(25, 37, 'Kathalia', 'কাঁঠালিয়া', '2021-06-14 12:22:38', '2021-06-14 12:22:38'),
(26, 37, 'Nalchity', 'নালচিতি', '2021-06-14 12:22:38', '2021-06-14 12:22:38'),
(27, 37, 'Rajapur', 'রাজাপুর', '2021-06-14 12:22:38', '2021-06-14 12:22:38'),
(28, 38, 'Bauphal', 'বাউফল', '2021-06-14 12:22:38', '2021-06-14 12:22:38'),
(29, 38, 'Dashmina', 'দশমিনা', '2021-06-14 12:22:38', '2021-06-14 12:22:38'),
(30, 38, 'Galachipa', 'গলাচিপা', '2021-06-14 12:22:38', '2021-06-14 12:22:38'),
(31, 38, 'Kalapara', 'কালাপারা', '2021-06-14 12:22:38', '2021-06-14 12:22:38'),
(32, 38, 'Mirzaganj', 'মির্জাগঞ্জ ', '2021-06-14 12:22:38', '2021-06-14 12:22:38'),
(33, 38, 'Patuakhali Sadar', 'পটুয়াখালী সদর', '2021-06-14 12:22:38', '2021-06-14 12:22:38'),
(34, 38, 'Dumki', 'ডুমকি', '2021-06-14 12:22:38', '2021-06-14 12:22:38'),
(35, 38, 'Rangabali', 'রাঙ্গাবালি', '2021-06-14 12:22:38', '2021-06-14 12:22:38'),
(36, 39, 'Bhandaria', 'ভ্যান্ডারিয়া', '2021-06-14 12:22:38', '2021-06-14 12:22:38'),
(37, 39, 'Kaukhali', 'কাউখালি', '2021-06-14 12:22:38', '2021-06-14 12:22:38'),
(38, 39, 'Mathbaria', 'মাঠবাড়িয়া', '2021-06-14 12:22:38', '2021-06-14 12:22:38'),
(39, 39, 'Nazirpur', 'নাজিরপুর', '2021-06-14 12:22:38', '2021-06-14 12:22:38'),
(40, 39, 'Nesarabad', 'নেসারাবাদ', '2021-06-14 12:22:38', '2021-06-14 12:22:38'),
(41, 39, 'Pirojpur Sadar', 'পিরোজপুর সদর', '2021-06-14 12:22:38', '2021-06-14 12:22:38'),
(42, 39, 'Zianagar', 'জিয়ানগর', '2021-06-14 12:22:38', '2021-06-14 12:22:38'),
(43, 40, 'Bandarban Sadar', 'বান্দরবন সদর', '2021-06-14 12:22:38', '2021-06-14 12:22:38'),
(44, 40, 'Thanchi', 'থানচি', '2021-06-14 12:22:38', '2021-06-14 12:22:38'),
(45, 40, 'Lama', 'লামা', '2021-06-14 12:22:38', '2021-06-14 12:22:38'),
(46, 40, 'Naikhongchhari', 'নাইখংছড়ি ', '2021-06-14 12:22:38', '2021-06-14 12:22:38'),
(47, 40, 'Ali kadam', 'আলী কদম', '2021-06-14 12:22:38', '2021-06-14 12:22:38'),
(48, 40, 'Rowangchhari', 'রউয়াংছড়ি ', '2021-06-14 12:22:38', '2021-06-14 12:22:38'),
(49, 40, 'Ruma', 'রুমা', '2021-06-14 12:22:38', '2021-06-14 12:22:38'),
(50, 41, 'Brahmanbaria Sadar', 'ব্রাহ্মণবাড়িয়া সদর', '2021-06-14 12:22:38', '2021-06-14 12:22:38'),
(51, 41, 'Ashuganj', 'আশুগঞ্জ', '2021-06-14 12:22:38', '2021-06-14 12:22:38'),
(52, 41, 'Nasirnagar', 'নাসির নগর', '2021-06-14 12:22:38', '2021-06-14 12:22:38'),
(53, 41, 'Nabinagar', 'নবীনগর', '2021-06-14 12:22:38', '2021-06-14 12:22:38'),
(54, 41, 'Sarail', 'সরাইল', '2021-06-14 12:22:38', '2021-06-14 12:22:38'),
(55, 41, 'Shahbazpur Town', 'শাহবাজপুর টাউন', '2021-06-14 12:22:38', '2021-06-14 12:22:38'),
(56, 41, 'Kasba', 'কসবা', '2021-06-14 12:22:38', '2021-06-14 12:22:38'),
(57, 41, 'Akhaura', 'আখাউরা', '2021-06-14 12:22:38', '2021-06-14 12:22:38'),
(58, 41, 'Bancharampur', 'বাঞ্ছারামপুর', '2021-06-14 12:22:38', '2021-06-14 12:22:38'),
(59, 41, 'Bijoynagar', 'বিজয় নগর', '2021-06-14 12:22:38', '2021-06-14 12:22:38'),
(60, 42, 'Chandpur Sadar', 'চাঁদপুর সদর', '2021-06-14 12:22:38', '2021-06-14 12:22:38'),
(61, 42, 'Faridganj', 'ফরিদগঞ্জ', '2021-06-14 12:22:38', '2021-06-14 12:22:38'),
(62, 42, 'Haimchar', 'হাইমচর', '2021-06-14 12:22:38', '2021-06-14 12:22:38'),
(63, 42, 'Haziganj', 'হাজীগঞ্জ', '2021-06-14 12:22:38', '2021-06-14 12:22:38'),
(64, 42, 'Kachua', 'কচুয়া', '2021-06-14 12:22:38', '2021-06-14 12:22:38'),
(65, 42, 'Matlab Uttar', 'মতলব উত্তর', '2021-06-14 12:22:38', '2021-06-14 12:22:38'),
(66, 42, 'Matlab Dakkhin', 'মতলব দক্ষিণ', '2021-06-14 12:22:38', '2021-06-14 12:22:38'),
(67, 42, 'Shahrasti', 'শাহরাস্তি', '2021-06-14 12:22:38', '2021-06-14 12:22:38'),
(68, 43, 'Anwara', 'আনোয়ারা', '2021-06-14 12:22:38', '2021-06-14 12:22:38'),
(69, 43, 'Banshkhali', 'বাশখালি', '2021-06-14 12:22:38', '2021-06-14 12:22:38'),
(70, 43, 'Boalkhali', 'বোয়ালখালি', '2021-06-14 12:22:38', '2021-06-14 12:22:38'),
(71, 43, 'Chandanaish', 'চন্দনাইশ', '2021-06-14 12:22:38', '2021-06-14 12:22:38'),
(72, 43, 'Fatikchhari', 'ফটিকছড়ি', '2021-06-14 12:22:38', '2021-06-14 12:22:38'),
(73, 43, 'Hathazari', 'হাঠহাজারী', '2021-06-14 12:22:38', '2021-06-14 12:22:38'),
(74, 43, 'Lohagara', 'লোহাগারা', '2021-06-14 12:22:38', '2021-06-14 12:22:38'),
(75, 43, 'Mirsharai', 'মিরসরাই', '2021-06-14 12:22:38', '2021-06-14 12:22:38'),
(76, 43, 'Patiya', 'পটিয়া', '2021-06-14 12:22:38', '2021-06-14 12:22:38'),
(77, 43, 'Rangunia', 'রাঙ্গুনিয়া', '2021-06-14 12:22:38', '2021-06-14 12:22:38'),
(78, 43, 'Raozan', 'রাউজান', '2021-06-14 12:22:38', '2021-06-14 12:22:38'),
(79, 43, 'Sandwip', 'সন্দ্বীপ', '2021-06-14 12:22:38', '2021-06-14 12:22:38'),
(80, 43, 'Satkania', 'সাতকানিয়া', '2021-06-14 12:22:38', '2021-06-14 12:22:38'),
(81, 43, 'Sitakunda', 'সীতাকুণ্ড', '2021-06-14 12:22:38', '2021-06-14 12:22:38'),
(82, 44, 'Barura', 'বড়ুরা', '2021-06-14 12:22:38', '2021-06-14 12:22:38'),
(83, 44, 'Brahmanpara', 'ব্রাহ্মণপাড়া', '2021-06-14 12:22:38', '2021-06-14 12:22:38'),
(84, 44, 'Burichong', 'বুড়িচং', '2021-06-14 12:22:38', '2021-06-14 12:22:38'),
(85, 44, 'Chandina', 'চান্দিনা', '2021-06-14 12:22:38', '2021-06-14 12:22:38'),
(86, 44, 'Chauddagram', 'চৌদ্দগ্রাম', '2021-06-14 12:22:38', '2021-06-14 12:22:38'),
(87, 44, 'Daudkandi', 'দাউদকান্দি', '2021-06-14 12:22:38', '2021-06-14 12:22:38'),
(88, 44, 'Debidwar', 'দেবীদ্বার', '2021-06-14 12:22:38', '2021-06-14 12:22:38'),
(89, 44, 'Homna', 'হোমনা', '2021-06-14 12:22:38', '2021-06-14 12:22:38'),
(90, 44, 'Comilla Sadar', 'কুমিল্লা সদর', '2021-06-14 12:22:38', '2021-06-14 12:22:38'),
(91, 44, 'Laksam', 'লাকসাম', '2021-06-14 12:22:38', '2021-06-14 12:22:38'),
(92, 44, 'Monohorgonj', 'মনোহরগঞ্জ', '2021-06-14 12:22:38', '2021-06-14 12:22:38'),
(93, 44, 'Meghna', 'মেঘনা', '2021-06-14 12:22:38', '2021-06-14 12:22:38'),
(94, 44, 'Muradnagar', 'মুরাদনগর', '2021-06-14 12:22:38', '2021-06-14 12:22:38'),
(95, 44, 'Nangalkot', 'নাঙ্গালকোট', '2021-06-14 12:22:38', '2021-06-14 12:22:38'),
(96, 44, 'Comilla Sadar South', 'কুমিল্লা সদর দক্ষিণ', '2021-06-14 12:22:38', '2021-06-14 12:22:38'),
(97, 44, 'Titas', 'তিতাস', '2021-06-14 12:22:38', '2021-06-14 12:22:38'),
(98, 45, 'Chakaria', 'চকরিয়া', '2021-06-14 12:22:38', '2021-06-14 12:22:38'),
(99, 45, '{{198}}\'\'{{199}}', 'কক্স বাজার সদর', '2021-06-14 12:22:38', '2021-06-14 12:22:38'),
(100, 45, 'Kutubdia', 'কুতুবদিয়া', '2021-06-14 12:22:38', '2021-06-14 12:22:38'),
(101, 45, 'Maheshkhali', 'মহেশখালী', '2021-06-14 12:22:38', '2021-06-14 12:22:38'),
(102, 45, 'Ramu', 'রামু', '2021-06-14 12:22:38', '2021-06-14 12:22:38'),
(103, 45, 'Teknaf', 'টেকনাফ', '2021-06-14 12:22:38', '2021-06-14 12:22:38'),
(104, 45, 'Ukhia', 'উখিয়া', '2021-06-14 12:22:38', '2021-06-14 12:22:38'),
(105, 45, 'Pekua', 'পেকুয়া', '2021-06-14 12:22:38', '2021-06-14 12:22:38'),
(106, 46, 'Feni Sadar', 'ফেনী সদর', '2021-06-14 12:22:38', '2021-06-14 12:22:38'),
(107, 46, 'Chagalnaiya', 'ছাগল নাইয়া', '2021-06-14 12:22:38', '2021-06-14 12:22:38'),
(108, 46, 'Daganbhyan', 'দাগানভিয়া', '2021-06-14 12:22:38', '2021-06-14 12:22:38'),
(109, 46, 'Parshuram', 'পরশুরাম', '2021-06-14 12:22:38', '2021-06-14 12:22:38'),
(110, 46, 'Fhulgazi', 'ফুলগাজি', '2021-06-14 12:22:38', '2021-06-14 12:22:38'),
(111, 46, 'Sonagazi', 'সোনাগাজি', '2021-06-14 12:22:38', '2021-06-14 12:22:38'),
(112, 47, 'Dighinala', 'দিঘিনালা ', '2021-06-14 12:22:38', '2021-06-14 12:22:38'),
(113, 47, 'Khagrachhari', 'খাগড়াছড়ি', '2021-06-14 12:22:38', '2021-06-14 12:22:38'),
(114, 47, 'Lakshmichhari', 'লক্ষ্মীছড়ি', '2021-06-14 12:22:38', '2021-06-14 12:22:38'),
(115, 47, 'Mahalchhari', 'মহলছড়ি', '2021-06-14 12:22:38', '2021-06-14 12:22:38'),
(116, 47, 'Manikchhari', 'মানিকছড়ি', '2021-06-14 12:22:38', '2021-06-14 12:22:38'),
(117, 47, 'Matiranga', 'মাটিরাঙ্গা', '2021-06-14 12:22:38', '2021-06-14 12:22:38'),
(118, 47, 'Panchhari', 'পানছড়ি', '2021-06-14 12:22:38', '2021-06-14 12:22:38'),
(119, 47, 'Ramgarh', 'রামগড়', '2021-06-14 12:22:38', '2021-06-14 12:22:38'),
(120, 48, 'Lakshmipur Sadar', 'লক্ষ্মীপুর সদর', '2021-06-14 12:22:38', '2021-06-14 12:22:38'),
(121, 48, 'Raipur', 'রায়পুর', '2021-06-14 12:22:38', '2021-06-14 12:22:38'),
(122, 48, 'Ramganj', 'রামগঞ্জ', '2021-06-14 12:22:38', '2021-06-14 12:22:38'),
(123, 48, 'Ramgati', 'রামগতি', '2021-06-14 12:22:38', '2021-06-14 12:22:38'),
(124, 48, 'Komol Nagar', 'কমল নগর', '2021-06-14 12:22:38', '2021-06-14 12:22:38'),
(125, 49, 'Noakhali Sadar', 'নোয়াখালী সদর', '2021-06-14 12:22:38', '2021-06-14 12:22:38'),
(126, 49, 'Begumganj', 'বেগমগঞ্জ', '2021-06-14 12:22:38', '2021-06-14 12:22:38'),
(127, 49, 'Chatkhil', 'চাটখিল', '2021-06-14 12:22:38', '2021-06-14 12:22:38'),
(128, 49, 'Companyganj', 'কোম্পানীগঞ্জ', '2021-06-14 12:22:38', '2021-06-14 12:22:38'),
(129, 49, 'Shenbag', 'শেনবাগ', '2021-06-14 12:22:38', '2021-06-14 12:22:38'),
(130, 49, 'Hatia', 'হাতিয়া', '2021-06-14 12:22:38', '2021-06-14 12:22:38'),
(131, 49, 'Kobirhat', 'কবিরহাট ', '2021-06-14 12:22:38', '2021-06-14 12:22:38'),
(132, 49, 'Sonaimuri', 'সোনাইমুরি', '2021-06-14 12:22:38', '2021-06-14 12:22:38'),
(133, 49, 'Suborno Char', 'সুবর্ণ চর ', '2021-06-14 12:22:38', '2021-06-14 12:22:38'),
(134, 50, 'Rangamati Sadar', 'রাঙ্গামাটি সদর', '2021-06-14 12:22:38', '2021-06-14 12:22:38'),
(135, 50, 'Belaichhari', 'বেলাইছড়ি', '2021-06-14 12:22:38', '2021-06-14 12:22:38'),
(136, 50, 'Bagaichhari', 'বাঘাইছড়ি', '2021-06-14 12:22:38', '2021-06-14 12:22:38'),
(137, 50, 'Barkal', 'বরকল', '2021-06-14 12:22:38', '2021-06-14 12:22:38'),
(138, 50, 'Juraichhari', 'জুরাইছড়ি', '2021-06-14 12:22:38', '2021-06-14 12:22:38'),
(139, 50, 'Rajasthali', 'রাজাস্থলি', '2021-06-14 12:22:38', '2021-06-14 12:22:38'),
(140, 50, 'Kaptai', 'কাপ্তাই', '2021-06-14 12:22:38', '2021-06-14 12:22:38'),
(141, 50, 'Langadu', 'লাঙ্গাডু', '2021-06-14 12:22:38', '2021-06-14 12:22:38'),
(142, 50, 'Nannerchar', 'নান্নেরচর ', '2021-06-14 12:22:38', '2021-06-14 12:22:38'),
(143, 50, 'Kaukhali', 'কাউখালি', '2021-06-14 12:22:38', '2021-06-14 12:22:38'),
(144, 1, 'Dhamrai', 'ধামরাই', '2021-06-14 12:22:38', '2021-06-14 12:22:38'),
(145, 1, 'Dohar', 'দোহার', '2021-06-14 12:22:38', '2021-06-14 12:22:38'),
(146, 1, 'Keraniganj', 'কেরানীগঞ্জ', '2021-06-14 12:22:38', '2021-06-14 12:22:38'),
(147, 1, 'Nawabganj', 'নবাবগঞ্জ', '2021-06-14 12:22:38', '2021-06-14 12:22:38'),
(148, 1, 'Savar', 'সাভার', '2021-06-14 12:22:38', '2021-06-14 12:22:38'),
(149, 2, 'Faridpur Sadar', 'ফরিদপুর সদর', '2021-06-14 12:22:38', '2021-06-14 12:22:38'),
(150, 2, 'Boalmari', 'বোয়ালমারী', '2021-06-14 12:22:38', '2021-06-14 12:22:38'),
(151, 2, 'Alfadanga', 'আলফাডাঙ্গা', '2021-06-14 12:22:38', '2021-06-14 12:22:38'),
(152, 2, 'Madhukhali', 'মধুখালি', '2021-06-14 12:22:38', '2021-06-14 12:22:38'),
(153, 2, 'Bhanga', 'ভাঙ্গা', '2021-06-14 12:22:38', '2021-06-14 12:22:38'),
(154, 2, 'Nagarkanda', 'নগরকান্ড', '2021-06-14 12:22:38', '2021-06-14 12:22:38'),
(155, 2, 'Charbhadrasan', 'চরভদ্রাসন ', '2021-06-14 12:22:38', '2021-06-14 12:22:38'),
(156, 2, 'Sadarpur', 'সদরপুর', '2021-06-14 12:22:38', '2021-06-14 12:22:38'),
(157, 2, 'Shaltha', 'শালথা', '2021-06-14 12:22:38', '2021-06-14 12:22:38'),
(158, 3, 'Gazipur Sadar-Joydebpur', 'গাজীপুর সদর', '2021-06-14 12:22:38', '2021-06-14 12:22:38'),
(159, 3, 'Kaliakior', 'কালিয়াকৈর', '2021-06-14 12:22:38', '2021-06-14 12:22:38'),
(160, 3, 'Kapasia', 'কাপাসিয়া', '2021-06-14 12:22:38', '2021-06-14 12:22:38'),
(161, 3, 'Sripur', 'শ্রীপুর', '2021-06-14 12:22:38', '2021-06-14 12:22:38'),
(162, 3, 'Kaliganj', 'কালীগঞ্জ', '2021-06-14 12:22:38', '2021-06-14 12:22:38'),
(163, 3, 'Tongi', 'টঙ্গি', '2021-06-14 12:22:38', '2021-06-14 12:22:38'),
(164, 4, 'Gopalganj Sadar', 'গোপালগঞ্জ সদর', '2021-06-14 12:22:38', '2021-06-14 12:22:38'),
(165, 4, 'Kashiani', 'কাশিয়ানি', '2021-06-14 12:22:38', '2021-06-14 12:22:38'),
(166, 4, 'Kotalipara', 'কোটালিপাড়া', '2021-06-14 12:22:38', '2021-06-14 12:22:38'),
(167, 4, 'Muksudpur', 'মুকসুদপুর', '2021-06-14 12:22:38', '2021-06-14 12:22:38'),
(168, 4, 'Tungipara', 'টুঙ্গিপাড়া', '2021-06-14 12:22:38', '2021-06-14 12:22:38'),
(169, 5, 'Dewanganj', 'দেওয়ানগঞ্জ', '2021-06-14 12:22:38', '2021-06-14 12:22:38'),
(170, 5, 'Baksiganj', 'বকসিগঞ্জ', '2021-06-14 12:22:38', '2021-06-14 12:22:38'),
(171, 5, 'Islampur', 'ইসলামপুর', '2021-06-14 12:22:38', '2021-06-14 12:22:38'),
(172, 5, 'Jamalpur Sadar', 'জামালপুর সদর', '2021-06-14 12:22:38', '2021-06-14 12:22:38'),
(173, 5, 'Madarganj', 'মাদারগঞ্জ', '2021-06-14 12:22:38', '2021-06-14 12:22:38'),
(174, 5, 'Melandaha', 'মেলানদাহা', '2021-06-14 12:22:38', '2021-06-14 12:22:38'),
(175, 5, 'Sarishabari', 'সরিষাবাড়ি ', '2021-06-14 12:22:38', '2021-06-14 12:22:38'),
(176, 5, 'Narundi Police I.C', 'নারুন্দি', '2021-06-14 12:22:38', '2021-06-14 12:22:38'),
(177, 6, 'Astagram', 'অষ্টগ্রাম', '2021-06-14 12:22:38', '2021-06-14 12:22:38'),
(178, 6, 'Bajitpur', 'বাজিতপুর', '2021-06-14 12:22:38', '2021-06-14 12:22:38'),
(179, 6, 'Bhairab', 'ভৈরব', '2021-06-14 12:22:38', '2021-06-14 12:22:38'),
(180, 6, 'Hossainpur', 'হোসেনপুর ', '2021-06-14 12:22:38', '2021-06-14 12:22:38'),
(181, 6, 'Itna', 'ইটনা', '2021-06-14 12:22:38', '2021-06-14 12:22:38'),
(182, 6, 'Karimganj', 'করিমগঞ্জ', '2021-06-14 12:22:38', '2021-06-14 12:22:38'),
(183, 6, 'Katiadi', 'কতিয়াদি', '2021-06-14 12:22:38', '2021-06-14 12:22:38'),
(184, 6, 'Kishoreganj Sadar', 'কিশোরগঞ্জ সদর', '2021-06-14 12:22:38', '2021-06-14 12:22:38'),
(185, 6, 'Kuliarchar', 'কুলিয়ারচর', '2021-06-14 12:22:38', '2021-06-14 12:22:38'),
(186, 6, 'Mithamain', 'মিঠামাইন', '2021-06-14 12:22:38', '2021-06-14 12:22:38'),
(187, 6, 'Nikli', 'নিকলি', '2021-06-14 12:22:38', '2021-06-14 12:22:38'),
(188, 6, 'Pakundia', 'পাকুন্ডা', '2021-06-14 12:22:38', '2021-06-14 12:22:38'),
(189, 6, 'Tarail', 'তাড়াইল', '2021-06-14 12:22:38', '2021-06-14 12:22:38'),
(190, 7, 'Madaripur Sadar', 'মাদারীপুর সদর', '2021-06-14 12:22:38', '2021-06-14 12:22:38'),
(191, 7, 'Kalkini', 'কালকিনি', '2021-06-14 12:22:38', '2021-06-14 12:22:38'),
(192, 7, 'Rajoir', 'রাজইর', '2021-06-14 12:22:38', '2021-06-14 12:22:38'),
(193, 7, 'Shibchar', 'শিবচর', '2021-06-14 12:22:38', '2021-06-14 12:22:38'),
(194, 8, 'Manikganj Sadar', 'মানিকগঞ্জ সদর', '2021-06-14 12:22:38', '2021-06-14 12:22:38'),
(195, 8, 'Singair', 'সিঙ্গাইর', '2021-06-14 12:22:38', '2021-06-14 12:22:38'),
(196, 8, 'Shibalaya', 'শিবালয়', '2021-06-14 12:22:38', '2021-06-14 12:22:38'),
(197, 8, 'Saturia', 'সাঠুরিয়া', '2021-06-14 12:22:38', '2021-06-14 12:22:38'),
(198, 8, 'Harirampur', 'হরিরামপুর', '2021-06-14 12:22:38', '2021-06-14 12:22:38'),
(199, 8, 'Ghior', 'ঘিওর', '2021-06-14 12:22:38', '2021-06-14 12:22:38'),
(200, 8, 'Daulatpur', 'দৌলতপুর', '2021-06-14 12:22:38', '2021-06-14 12:22:38'),
(201, 9, 'Lohajang', 'লোহাজং', '2021-06-14 12:22:38', '2021-06-14 12:22:38'),
(202, 9, 'Sreenagar', 'শ্রীনগর', '2021-06-14 12:22:38', '2021-06-14 12:22:38'),
(203, 9, 'Munshiganj Sadar', 'মুন্সিগঞ্জ সদর', '2021-06-14 12:22:38', '2021-06-14 12:22:38'),
(204, 9, 'Sirajdikhan', 'সিরাজদিখান', '2021-06-14 12:22:38', '2021-06-14 12:22:38'),
(205, 9, 'Tongibari', 'টঙ্গিবাড়ি', '2021-06-14 12:22:38', '2021-06-14 12:22:38'),
(206, 9, 'Gazaria', 'গজারিয়া', '2021-06-14 12:22:38', '2021-06-14 12:22:38'),
(207, 10, 'Bhaluka', 'ভালুকা', '2021-06-14 12:22:38', '2021-06-14 12:22:38'),
(208, 10, 'Trishal', 'ত্রিশাল', '2021-06-14 12:22:38', '2021-06-14 12:22:38'),
(209, 10, 'Haluaghat', 'হালুয়াঘাট', '2021-06-14 12:22:38', '2021-06-14 12:22:38'),
(210, 10, 'Muktagachha', 'মুক্তাগাছা', '2021-06-14 12:22:38', '2021-06-14 12:22:38'),
(211, 10, 'Dhobaura', 'ধবারুয়া', '2021-06-14 12:22:38', '2021-06-14 12:22:38'),
(212, 10, 'Fulbaria', 'ফুলবাড়িয়া', '2021-06-14 12:22:38', '2021-06-14 12:22:38'),
(213, 10, 'Gaffargaon', 'গফরগাঁও', '2021-06-14 12:22:38', '2021-06-14 12:22:38'),
(214, 10, 'Gauripur', 'গৌরিপুর', '2021-06-14 12:22:38', '2021-06-14 12:22:38'),
(215, 10, 'Ishwarganj', 'ঈশ্বরগঞ্জ', '2021-06-14 12:22:38', '2021-06-14 12:22:38'),
(216, 10, 'Mymensingh Sadar', 'ময়মনসিং সদর', '2021-06-14 12:22:38', '2021-06-14 12:22:38'),
(217, 10, 'Nandail', 'নন্দাইল', '2021-06-14 12:22:38', '2021-06-14 12:22:38'),
(218, 10, 'Phulpur', 'ফুলপুর', '2021-06-14 12:22:38', '2021-06-14 12:22:38'),
(219, 11, 'Araihazar', 'আড়াইহাজার', '2021-06-14 12:22:38', '2021-06-14 12:22:38'),
(220, 11, 'Sonargaon', 'সোনারগাঁও', '2021-06-14 12:22:38', '2021-06-14 12:22:38'),
(221, 11, 'Bandar', 'বান্দার', '2021-06-14 12:22:38', '2021-06-14 12:22:38'),
(222, 11, 'Naryanganj Sadar', 'নারায়ানগঞ্জ সদর', '2021-06-14 12:22:38', '2021-06-14 12:22:38'),
(223, 11, 'Rupganj', 'রূপগঞ্জ', '2021-06-14 12:22:38', '2021-06-14 12:22:38'),
(224, 11, 'Siddirgonj', 'সিদ্ধিরগঞ্জ', '2021-06-14 12:22:38', '2021-06-14 12:22:38'),
(225, 12, 'Belabo', 'বেলাবো', '2021-06-14 12:22:38', '2021-06-14 12:22:38'),
(226, 12, 'Monohardi', 'মনোহরদি', '2021-06-14 12:22:38', '2021-06-14 12:22:38'),
(227, 12, 'Narsingdi Sadar', 'নরসিংদী সদর', '2021-06-14 12:22:38', '2021-06-14 12:22:38'),
(228, 12, 'Palash', 'পলাশ', '2021-06-14 12:22:38', '2021-06-14 12:22:38'),
(229, 12, 'Raipura, Narsingdi', 'রায়পুর', '2021-06-14 12:22:38', '2021-06-14 12:22:38'),
(230, 12, 'Shibpur', 'শিবপুর', '2021-06-14 12:22:38', '2021-06-14 12:22:38'),
(231, 13, 'Kendua Upazilla', 'কেন্দুয়া', '2021-06-14 12:22:38', '2021-06-14 12:22:38'),
(232, 13, 'Atpara Upazilla', 'আটপাড়া', '2021-06-14 12:22:38', '2021-06-14 12:22:38'),
(233, 13, 'Barhatta Upazilla', 'বরহাট্টা', '2021-06-14 12:22:38', '2021-06-14 12:22:38'),
(234, 13, 'Durgapur Upazilla', 'দুর্গাপুর', '2021-06-14 12:22:38', '2021-06-14 12:22:38'),
(235, 13, 'Kalmakanda Upazilla', 'কলমাকান্দা', '2021-06-14 12:22:38', '2021-06-14 12:22:38'),
(236, 13, 'Madan Upazilla', 'মদন', '2021-06-14 12:22:38', '2021-06-14 12:22:38'),
(237, 13, 'Mohanganj Upazilla', 'মোহনগঞ্জ', '2021-06-14 12:22:38', '2021-06-14 12:22:38'),
(238, 13, 'Netrakona-S Upazilla', 'নেত্রকোনা সদর', '2021-06-14 12:22:38', '2021-06-14 12:22:38'),
(239, 13, 'Purbadhala Upazilla', 'পূর্বধলা', '2021-06-14 12:22:38', '2021-06-14 12:22:38'),
(240, 13, 'Khaliajuri Upazilla', 'খালিয়াজুরি', '2021-06-14 12:22:38', '2021-06-14 12:22:38'),
(241, 14, 'Baliakandi', 'বালিয়াকান্দি', '2021-06-14 12:22:38', '2021-06-14 12:22:38'),
(242, 14, 'Goalandaghat', 'গোয়ালন্দ ঘাট', '2021-06-14 12:22:38', '2021-06-14 12:22:38'),
(243, 14, 'Pangsha', 'পাংশা', '2021-06-14 12:22:38', '2021-06-14 12:22:38'),
(244, 14, 'Kalukhali', 'কালুখালি', '2021-06-14 12:22:38', '2021-06-14 12:22:38'),
(245, 14, 'Rajbari Sadar', 'রাজবাড়ি সদর', '2021-06-14 12:22:38', '2021-06-14 12:22:38'),
(246, 15, 'Shariatpur Sadar -Palong', 'শরীয়তপুর সদর ', '2021-06-14 12:22:38', '2021-06-14 12:22:38'),
(247, 15, 'Damudya', 'দামুদিয়া', '2021-06-14 12:22:38', '2021-06-14 12:22:38'),
(248, 15, 'Naria', 'নড়িয়া', '2021-06-14 12:22:38', '2021-06-14 12:22:38'),
(249, 15, 'Jajira', 'জাজিরা', '2021-06-14 12:22:38', '2021-06-14 12:22:38'),
(250, 15, 'Bhedarganj', 'ভেদারগঞ্জ', '2021-06-14 12:22:38', '2021-06-14 12:22:38'),
(251, 15, 'Gosairhat', 'গোসাইর হাট ', '2021-06-14 12:22:38', '2021-06-14 12:22:38'),
(252, 16, 'Jhenaigati', 'ঝিনাইগাতি', '2021-06-14 12:22:38', '2021-06-14 12:22:38'),
(253, 16, 'Nakla', 'নাকলা', '2021-06-14 12:22:38', '2021-06-14 12:22:38'),
(254, 16, 'Nalitabari', 'নালিতাবাড়ি', '2021-06-14 12:22:38', '2021-06-14 12:22:38'),
(255, 16, 'Sherpur Sadar', 'শেরপুর সদর', '2021-06-14 12:22:38', '2021-06-14 12:22:38'),
(256, 16, 'Sreebardi', 'শ্রীবরদি', '2021-06-14 12:22:38', '2021-06-14 12:22:38'),
(257, 17, 'Tangail Sadar', 'টাঙ্গাইল সদর', '2021-06-14 12:22:38', '2021-06-14 12:22:38'),
(258, 17, 'Sakhipur', 'সখিপুর', '2021-06-14 12:22:38', '2021-06-14 12:22:38'),
(259, 17, 'Basail', 'বসাইল', '2021-06-14 12:22:38', '2021-06-14 12:22:38'),
(260, 17, 'Madhupur', 'মধুপুর', '2021-06-14 12:22:38', '2021-06-14 12:22:38'),
(261, 17, 'Ghatail', 'ঘাটাইল', '2021-06-14 12:22:38', '2021-06-14 12:22:38'),
(262, 17, 'Kalihati', 'কালিহাতি', '2021-06-14 12:22:38', '2021-06-14 12:22:38'),
(263, 17, 'Nagarpur', 'নগরপুর', '2021-06-14 12:22:38', '2021-06-14 12:22:38'),
(264, 17, 'Mirzapur', 'মির্জাপুর', '2021-06-14 12:22:38', '2021-06-14 12:22:38'),
(265, 17, 'Gopalpur', 'গোপালপুর', '2021-06-14 12:22:38', '2021-06-14 12:22:38'),
(266, 17, 'Delduar', 'দেলদুয়ার', '2021-06-14 12:22:38', '2021-06-14 12:22:38'),
(267, 17, 'Bhuapur', 'ভুয়াপুর', '2021-06-14 12:22:38', '2021-06-14 12:22:38'),
(268, 17, 'Dhanbari', 'ধানবাড়ি', '2021-06-14 12:22:38', '2021-06-14 12:22:38'),
(269, 55, 'Bagerhat Sadar', 'বাগেরহাট সদর', '2021-06-14 12:22:38', '2021-06-14 12:22:38'),
(270, 55, 'Chitalmari', 'চিতলমাড়ি', '2021-06-14 12:22:38', '2021-06-14 12:22:38'),
(271, 55, 'Fakirhat', 'ফকিরহাট', '2021-06-14 12:22:38', '2021-06-14 12:22:38'),
(272, 55, 'Kachua', 'কচুয়া', '2021-06-14 12:22:38', '2021-06-14 12:22:38'),
(273, 55, 'Mollahat', 'মোল্লাহাট ', '2021-06-14 12:22:38', '2021-06-14 12:22:38'),
(274, 55, 'Mongla', 'মংলা', '2021-06-14 12:22:38', '2021-06-14 12:22:38'),
(275, 55, 'Morrelganj', 'মরেলগঞ্জ', '2021-06-14 12:22:38', '2021-06-14 12:22:38'),
(276, 55, 'Rampal', 'রামপাল', '2021-06-14 12:22:38', '2021-06-14 12:22:38'),
(277, 55, 'Sarankhola', 'স্মরণখোলা', '2021-06-14 12:22:38', '2021-06-14 12:22:38'),
(278, 56, 'Damurhuda', 'দামুরহুদা', '2021-06-14 12:22:38', '2021-06-14 12:22:38'),
(279, 56, 'Chuadanga-S', 'চুয়াডাঙ্গা সদর', '2021-06-14 12:22:38', '2021-06-14 12:22:38'),
(280, 56, 'Jibannagar', 'জীবন নগর ', '2021-06-14 12:22:38', '2021-06-14 12:22:38'),
(281, 56, 'Alamdanga', 'আলমডাঙ্গা', '2021-06-14 12:22:38', '2021-06-14 12:22:38'),
(282, 57, 'Abhaynagar', 'অভয়নগর', '2021-06-14 12:22:38', '2021-06-14 12:22:38'),
(283, 57, 'Keshabpur', 'কেশবপুর', '2021-06-14 12:22:38', '2021-06-14 12:22:38'),
(284, 57, 'Bagherpara', 'বাঘের পাড়া ', '2021-06-14 12:22:38', '2021-06-14 12:22:38'),
(285, 57, 'Jessore Sadar', 'যশোর সদর', '2021-06-14 12:22:38', '2021-06-14 12:22:38'),
(286, 57, 'Chaugachha', 'চৌগাছা', '2021-06-14 12:22:38', '2021-06-14 12:22:38'),
(287, 57, 'Manirampur', 'মনিরামপুর ', '2021-06-14 12:22:38', '2021-06-14 12:22:38'),
(288, 57, 'Jhikargachha', 'ঝিকরগাছা', '2021-06-14 12:22:38', '2021-06-14 12:22:38'),
(289, 57, 'Sharsha', 'সারশা', '2021-06-14 12:22:38', '2021-06-14 12:22:38'),
(290, 58, 'Jhenaidah Sadar', 'ঝিনাইদহ সদর', '2021-06-14 12:22:38', '2021-06-14 12:22:38'),
(291, 58, 'Maheshpur', 'মহেশপুর', '2021-06-14 12:22:38', '2021-06-14 12:22:38'),
(292, 58, 'Kaliganj', 'কালীগঞ্জ', '2021-06-14 12:22:38', '2021-06-14 12:22:38'),
(293, 58, 'Kotchandpur', 'কোট চাঁদপুর ', '2021-06-14 12:22:38', '2021-06-14 12:22:38'),
(294, 58, 'Shailkupa', 'শৈলকুপা', '2021-06-14 12:22:38', '2021-06-14 12:22:38'),
(295, 58, 'Harinakunda', 'হাড়িনাকুন্দা', '2021-06-14 12:22:38', '2021-06-14 12:22:38'),
(296, 59, 'Terokhada', 'তেরোখাদা', '2021-06-14 12:22:38', '2021-06-14 12:22:38'),
(297, 59, 'Batiaghata', 'বাটিয়াঘাটা ', '2021-06-14 12:22:38', '2021-06-14 12:22:38'),
(298, 59, 'Dacope', 'ডাকপে', '2021-06-14 12:22:38', '2021-06-14 12:22:38'),
(299, 59, 'Dumuria', 'ডুমুরিয়া', '2021-06-14 12:22:38', '2021-06-14 12:22:38'),
(300, 59, 'Dighalia', 'দিঘলিয়া', '2021-06-14 12:22:38', '2021-06-14 12:22:38'),
(301, 59, 'Koyra', 'কয়ড়া', '2021-06-14 12:22:38', '2021-06-14 12:22:38'),
(302, 59, 'Paikgachha', 'পাইকগাছা', '2021-06-14 12:22:38', '2021-06-14 12:22:38'),
(303, 59, 'Phultala', 'ফুলতলা', '2021-06-14 12:22:38', '2021-06-14 12:22:38'),
(304, 59, 'Rupsa', 'রূপসা', '2021-06-14 12:22:38', '2021-06-14 12:22:38'),
(305, 60, 'Kushtia Sadar', 'কুষ্টিয়া সদর', '2021-06-14 12:22:38', '2021-06-14 12:22:38'),
(306, 60, 'Kumarkhali', 'কুমারখালি', '2021-06-14 12:22:38', '2021-06-14 12:22:38'),
(307, 60, 'Daulatpur', 'দৌলতপুর', '2021-06-14 12:22:38', '2021-06-14 12:22:38'),
(308, 60, 'Mirpur', 'মিরপুর', '2021-06-14 12:22:38', '2021-06-14 12:22:38'),
(309, 60, 'Bheramara', 'ভেরামারা', '2021-06-14 12:22:38', '2021-06-14 12:22:38'),
(310, 60, 'Khoksa', 'খোকসা', '2021-06-14 12:22:38', '2021-06-14 12:22:38'),
(311, 61, 'Magura Sadar', 'মাগুরা সদর', '2021-06-14 12:22:38', '2021-06-14 12:22:38'),
(312, 61, 'Mohammadpur', 'মোহাম্মাদপুর', '2021-06-14 12:22:38', '2021-06-14 12:22:38'),
(313, 61, 'Shalikha', 'শালিখা', '2021-06-14 12:22:38', '2021-06-14 12:22:38'),
(314, 61, 'Sreepur', 'শ্রীপুর', '2021-06-14 12:22:38', '2021-06-14 12:22:38'),
(315, 62, 'angni', 'আংনি', '2021-06-14 12:22:38', '2021-06-14 12:22:38'),
(316, 62, 'Mujib Nagar', 'মুজিব নগর', '2021-06-14 12:22:38', '2021-06-14 12:22:38'),
(317, 62, 'Meherpur-S', 'মেহেরপুর সদর', '2021-06-14 12:22:38', '2021-06-14 12:22:38'),
(318, 63, 'Narail-S Upazilla', 'নড়াইল সদর', '2021-06-14 12:22:38', '2021-06-14 12:22:38'),
(319, 63, 'Lohagara Upazilla', 'লোহাগাড়া', '2021-06-14 12:22:38', '2021-06-14 12:22:38'),
(320, 63, 'Kalia Upazilla', 'কালিয়া', '2021-06-14 12:22:38', '2021-06-14 12:22:38'),
(321, 64, 'Satkhira Sadar', 'সাতক্ষীরা সদর', '2021-06-14 12:22:38', '2021-06-14 12:22:38'),
(322, 64, 'Assasuni', 'আসসাশুনি ', '2021-06-14 12:22:38', '2021-06-14 12:22:38'),
(323, 64, 'Debhata', 'দেভাটা', '2021-06-14 12:22:38', '2021-06-14 12:22:38'),
(324, 64, 'Tala', 'তালা', '2021-06-14 12:22:38', '2021-06-14 12:22:38'),
(325, 64, 'Kalaroa', 'কলরোয়া', '2021-06-14 12:22:38', '2021-06-14 12:22:38'),
(326, 64, 'Kaliganj', 'কালীগঞ্জ', '2021-06-14 12:22:39', '2021-06-14 12:22:39'),
(327, 64, 'Shyamnagar', 'শ্যামনগর', '2021-06-14 12:22:39', '2021-06-14 12:22:39'),
(328, 18, 'Adamdighi', 'আদমদিঘী', '2021-06-14 12:22:39', '2021-06-14 12:22:39'),
(329, 18, 'Bogra Sadar', 'বগুড়া সদর', '2021-06-14 12:22:39', '2021-06-14 12:22:39'),
(330, 18, 'Sherpur', 'শেরপুর', '2021-06-14 12:22:39', '2021-06-14 12:22:39'),
(331, 18, 'Dhunat', 'ধুনট', '2021-06-14 12:22:39', '2021-06-14 12:22:39'),
(332, 18, 'Dhupchanchia', 'দুপচাচিয়া', '2021-06-14 12:22:39', '2021-06-14 12:22:39'),
(333, 18, 'Gabtali', 'গাবতলি', '2021-06-14 12:22:39', '2021-06-14 12:22:39'),
(334, 18, 'Kahaloo', 'কাহালু', '2021-06-14 12:22:39', '2021-06-14 12:22:39'),
(335, 18, 'Nandigram', 'নন্দিগ্রাম', '2021-06-14 12:22:39', '2021-06-14 12:22:39'),
(336, 18, 'Sahajanpur', 'শাহজাহানপুর', '2021-06-14 12:22:39', '2021-06-14 12:22:39'),
(337, 18, 'Sariakandi', 'সারিয়াকান্দি', '2021-06-14 12:22:39', '2021-06-14 12:22:39'),
(338, 18, 'Shibganj', 'শিবগঞ্জ', '2021-06-14 12:22:39', '2021-06-14 12:22:39'),
(339, 18, 'Sonatala', 'সোনাতলা', '2021-06-14 12:22:39', '2021-06-14 12:22:39'),
(340, 19, 'Joypurhat S', 'জয়পুরহাট সদর', '2021-06-14 12:22:39', '2021-06-14 12:22:39'),
(341, 19, 'Akkelpur', 'আক্কেলপুর', '2021-06-14 12:22:39', '2021-06-14 12:22:39'),
(342, 19, 'Kalai', 'কালাই', '2021-06-14 12:22:39', '2021-06-14 12:22:39'),
(343, 19, 'Khetlal', 'খেতলাল', '2021-06-14 12:22:39', '2021-06-14 12:22:39'),
(344, 19, 'Panchbibi', 'পাঁচবিবি', '2021-06-14 12:22:39', '2021-06-14 12:22:39'),
(345, 20, 'Naogaon Sadar', 'নওগাঁ সদর', '2021-06-14 12:22:39', '2021-06-14 12:22:39'),
(346, 20, 'Mohadevpur', 'মহাদেবপুর', '2021-06-14 12:22:39', '2021-06-14 12:22:39'),
(347, 20, 'Manda', 'মান্দা', '2021-06-14 12:22:39', '2021-06-14 12:22:39'),
(348, 20, 'Niamatpur', 'নিয়ামতপুর', '2021-06-14 12:22:39', '2021-06-14 12:22:39'),
(349, 20, 'Atrai', 'আত্রাই', '2021-06-14 12:22:39', '2021-06-14 12:22:39'),
(350, 20, 'Raninagar', 'রাণীনগর', '2021-06-14 12:22:39', '2021-06-14 12:22:39'),
(351, 20, 'Patnitala', 'পত্নীতলা', '2021-06-14 12:22:39', '2021-06-14 12:22:39'),
(352, 20, 'Dhamoirhat', 'ধামইরহাট ', '2021-06-14 12:22:39', '2021-06-14 12:22:39'),
(353, 20, 'Sapahar', 'সাপাহার', '2021-06-14 12:22:39', '2021-06-14 12:22:39'),
(354, 20, 'Porsha', 'পোরশা', '2021-06-14 12:22:39', '2021-06-14 12:22:39'),
(355, 20, 'Badalgachhi', 'বদলগাছি', '2021-06-14 12:22:39', '2021-06-14 12:22:39'),
(356, 21, 'Natore Sadar', 'নাটোর সদর', '2021-06-14 12:22:39', '2021-06-14 12:22:39'),
(357, 21, 'Baraigram', 'বড়াইগ্রাম', '2021-06-14 12:22:39', '2021-06-14 12:22:39'),
(358, 21, 'Bagatipara', 'বাগাতিপাড়া', '2021-06-14 12:22:39', '2021-06-14 12:22:39'),
(359, 21, 'Lalpur', 'লালপুর', '2021-06-14 12:22:39', '2021-06-14 12:22:39'),
(360, 21, 'Natore Sadar', 'নাটোর সদর', '2021-06-14 12:22:39', '2021-06-14 12:22:39'),
(361, 21, 'Baraigram', 'বড়াই গ্রাম', '2021-06-14 12:22:39', '2021-06-14 12:22:39'),
(362, 22, 'Bholahat', 'ভোলাহাট', '2021-06-14 12:22:39', '2021-06-14 12:22:39'),
(363, 22, 'Gomastapur', 'গোমস্তাপুর', '2021-06-14 12:22:39', '2021-06-14 12:22:39'),
(364, 22, 'Nachole', 'নাচোল', '2021-06-14 12:22:39', '2021-06-14 12:22:39'),
(365, 22, 'Nawabganj Sadar', 'নবাবগঞ্জ সদর', '2021-06-14 12:22:39', '2021-06-14 12:22:39'),
(366, 22, 'Shibganj', 'শিবগঞ্জ', '2021-06-14 12:22:39', '2021-06-14 12:22:39'),
(367, 23, 'Atgharia', 'আটঘরিয়া', '2021-06-14 12:22:39', '2021-06-14 12:22:39'),
(368, 23, 'Bera', 'বেড়া', '2021-06-14 12:22:39', '2021-06-14 12:22:39'),
(369, 23, 'Bhangura', 'ভাঙ্গুরা', '2021-06-14 12:22:39', '2021-06-14 12:22:39'),
(370, 23, 'Chatmohar', 'চাটমোহর', '2021-06-14 12:22:39', '2021-06-14 12:22:39'),
(371, 23, 'Faridpur', 'ফরিদপুর', '2021-06-14 12:22:39', '2021-06-14 12:22:39'),
(372, 23, 'Ishwardi', 'ঈশ্বরদী', '2021-06-14 12:22:39', '2021-06-14 12:22:39'),
(373, 23, 'Pabna Sadar', 'পাবনা সদর', '2021-06-14 12:22:39', '2021-06-14 12:22:39'),
(374, 23, 'Santhia', 'সাথিয়া', '2021-06-14 12:22:39', '2021-06-14 12:22:39'),
(375, 23, 'Sujanagar', 'সুজানগর', '2021-06-14 12:22:39', '2021-06-14 12:22:39'),
(376, 24, 'Bagha', 'বাঘা', '2021-06-14 12:22:39', '2021-06-14 12:22:39'),
(377, 24, 'Bagmara', 'বাগমারা', '2021-06-14 12:22:39', '2021-06-14 12:22:39'),
(378, 24, 'Charghat', 'চারঘাট', '2021-06-14 12:22:39', '2021-06-14 12:22:39'),
(379, 24, 'Durgapur', 'দুর্গাপুর', '2021-06-14 12:22:39', '2021-06-14 12:22:39'),
(380, 24, 'Godagari', 'গোদাগারি', '2021-06-14 12:22:39', '2021-06-14 12:22:39'),
(381, 24, 'Mohanpur', 'মোহনপুর', '2021-06-14 12:22:39', '2021-06-14 12:22:39'),
(382, 24, 'Paba', 'পবা', '2021-06-14 12:22:39', '2021-06-14 12:22:39'),
(383, 24, 'Puthia', 'পুঠিয়া', '2021-06-14 12:22:39', '2021-06-14 12:22:39'),
(384, 24, 'Tanore', 'তানোর', '2021-06-14 12:22:39', '2021-06-14 12:22:39'),
(385, 25, 'Sirajganj Sadar', 'সিরাজগঞ্জ সদর', '2021-06-14 12:22:39', '2021-06-14 12:22:39'),
(386, 25, 'Belkuchi', 'বেলকুচি', '2021-06-14 12:22:39', '2021-06-14 12:22:39'),
(387, 25, 'Chauhali', 'চৌহালি', '2021-06-14 12:22:39', '2021-06-14 12:22:39'),
(388, 25, 'Kamarkhanda', 'কামারখান্দা', '2021-06-14 12:22:39', '2021-06-14 12:22:39'),
(389, 25, 'Kazipur', 'কাজীপুর', '2021-06-14 12:22:39', '2021-06-14 12:22:39'),
(390, 25, 'Raiganj', 'রায়গঞ্জ', '2021-06-14 12:22:39', '2021-06-14 12:22:39'),
(391, 25, 'Shahjadpur', 'শাহজাদপুর', '2021-06-14 12:22:39', '2021-06-14 12:22:39'),
(392, 25, 'Tarash', 'তারাশ', '2021-06-14 12:22:39', '2021-06-14 12:22:39'),
(393, 25, 'Ullahpara', 'উল্লাপাড়া', '2021-06-14 12:22:39', '2021-06-14 12:22:39'),
(394, 26, 'Birampur', 'বিরামপুর', '2021-06-14 12:22:39', '2021-06-14 12:22:39'),
(395, 26, 'Birganj', 'বীরগঞ্জ', '2021-06-14 12:22:39', '2021-06-14 12:22:39'),
(396, 26, 'Biral', 'বিড়াল', '2021-06-14 12:22:39', '2021-06-14 12:22:39'),
(397, 26, 'Bochaganj', 'বোচাগঞ্জ', '2021-06-14 12:22:39', '2021-06-14 12:22:39'),
(398, 26, 'Chirirbandar', 'চিরিরবন্দর', '2021-06-14 12:22:39', '2021-06-14 12:22:39'),
(399, 26, 'Phulbari', 'ফুলবাড়ি', '2021-06-14 12:22:39', '2021-06-14 12:22:39'),
(400, 26, 'Ghoraghat', 'ঘোড়াঘাট', '2021-06-14 12:22:39', '2021-06-14 12:22:39'),
(401, 26, 'Hakimpur', 'হাকিমপুর', '2021-06-14 12:22:39', '2021-06-14 12:22:39'),
(402, 26, 'Kaharole', 'কাহারোল', '2021-06-14 12:22:39', '2021-06-14 12:22:39'),
(403, 26, 'Khansama', 'খানসামা', '2021-06-14 12:22:39', '2021-06-14 12:22:39'),
(404, 26, 'Dinajpur Sadar', 'দিনাজপুর সদর', '2021-06-14 12:22:39', '2021-06-14 12:22:39'),
(405, 26, 'Nawabganj', 'নবাবগঞ্জ', '2021-06-14 12:22:39', '2021-06-14 12:22:39'),
(406, 26, 'Parbatipur', 'পার্বতীপুর', '2021-06-14 12:22:39', '2021-06-14 12:22:39'),
(407, 27, 'Fulchhari', 'ফুলছড়ি', '2021-06-14 12:22:39', '2021-06-14 12:22:39'),
(408, 27, 'Gaibandha sadar', 'গাইবান্ধা সদর', '2021-06-14 12:22:39', '2021-06-14 12:22:39'),
(409, 27, 'Gobindaganj', 'গোবিন্দগঞ্জ', '2021-06-14 12:22:39', '2021-06-14 12:22:39'),
(410, 27, 'Palashbari', 'পলাশবাড়ী', '2021-06-14 12:22:39', '2021-06-14 12:22:39'),
(411, 27, 'Sadullapur', 'সাদুল্যাপুর', '2021-06-14 12:22:39', '2021-06-14 12:22:39'),
(412, 27, 'Saghata', 'সাঘাটা', '2021-06-14 12:22:39', '2021-06-14 12:22:39'),
(413, 27, 'Sundarganj', 'সুন্দরগঞ্জ', '2021-06-14 12:22:39', '2021-06-14 12:22:39'),
(414, 28, 'Kurigram Sadar', 'কুড়িগ্রাম সদর', '2021-06-14 12:22:39', '2021-06-14 12:22:39'),
(415, 28, 'Nageshwari', 'নাগেশ্বরী', '2021-06-14 12:22:39', '2021-06-14 12:22:39'),
(416, 28, 'Bhurungamari', 'ভুরুঙ্গামারি', '2021-06-14 12:22:39', '2021-06-14 12:22:39'),
(417, 28, 'Phulbari', 'ফুলবাড়ি', '2021-06-14 12:22:39', '2021-06-14 12:22:39'),
(418, 28, 'Rajarhat', 'রাজারহাট', '2021-06-14 12:22:39', '2021-06-14 12:22:39'),
(419, 28, 'Ulipur', 'উলিপুর', '2021-06-14 12:22:39', '2021-06-14 12:22:39'),
(420, 28, 'Chilmari', 'চিলমারি', '2021-06-14 12:22:39', '2021-06-14 12:22:39'),
(421, 28, 'Rowmari', 'রউমারি', '2021-06-14 12:22:39', '2021-06-14 12:22:39'),
(422, 28, 'Char Rajibpur', 'চর রাজিবপুর', '2021-06-14 12:22:39', '2021-06-14 12:22:39'),
(423, 29, 'Lalmanirhat Sadar', 'লালমনিরহাট সদর', '2021-06-14 12:22:39', '2021-06-14 12:22:39'),
(424, 29, 'Aditmari', 'আদিতমারি', '2021-06-14 12:22:39', '2021-06-14 12:22:39'),
(425, 29, 'Kaliganj', 'কালীগঞ্জ', '2021-06-14 12:22:39', '2021-06-14 12:22:39'),
(426, 29, 'Hatibandha', 'হাতিবান্ধা', '2021-06-14 12:22:39', '2021-06-14 12:22:39'),
(427, 29, 'Patgram', 'পাটগ্রাম', '2021-06-14 12:22:39', '2021-06-14 12:22:39'),
(428, 30, 'Nilphamari Sadar', 'নীলফামারী সদর', '2021-06-14 12:22:39', '2021-06-14 12:22:39'),
(429, 30, 'Saidpur', 'সৈয়দপুর', '2021-06-14 12:22:39', '2021-06-14 12:22:39'),
(430, 30, 'Jaldhaka', 'জলঢাকা', '2021-06-14 12:22:39', '2021-06-14 12:22:39'),
(431, 30, 'Kishoreganj', 'কিশোরগঞ্জ', '2021-06-14 12:22:39', '2021-06-14 12:22:39'),
(432, 30, 'Domar', 'ডোমার', '2021-06-14 12:22:39', '2021-06-14 12:22:39'),
(433, 30, 'Dimla', 'ডিমলা', '2021-06-14 12:22:39', '2021-06-14 12:22:39'),
(434, 31, 'Panchagarh Sadar', 'পঞ্চগড় সদর', '2021-06-14 12:22:39', '2021-06-14 12:22:39'),
(435, 31, 'Debiganj', 'দেবীগঞ্জ', '2021-06-14 12:22:39', '2021-06-14 12:22:39'),
(436, 31, 'Boda', 'বোদা', '2021-06-14 12:22:39', '2021-06-14 12:22:39'),
(437, 31, 'Atwari', 'আটোয়ারি', '2021-06-14 12:22:39', '2021-06-14 12:22:39'),
(438, 31, 'Tetulia', 'তেতুলিয়া', '2021-06-14 12:22:39', '2021-06-14 12:22:39'),
(439, 32, 'Badarganj', 'বদরগঞ্জ', '2021-06-14 12:22:39', '2021-06-14 12:22:39'),
(440, 32, 'Mithapukur', 'মিঠাপুকুর', '2021-06-14 12:22:39', '2021-06-14 12:22:39'),
(441, 32, 'Gangachara', 'গঙ্গাচরা', '2021-06-14 12:22:39', '2021-06-14 12:22:39'),
(442, 32, 'Kaunia', 'কাউনিয়া', '2021-06-14 12:22:39', '2021-06-14 12:22:39'),
(443, 32, 'Rangpur Sadar', 'রংপুর সদর', '2021-06-14 12:22:39', '2021-06-14 12:22:39'),
(444, 32, 'Pirgachha', 'পীরগাছা', '2021-06-14 12:22:39', '2021-06-14 12:22:39'),
(445, 32, 'Pirganj', 'পীরগঞ্জ', '2021-06-14 12:22:39', '2021-06-14 12:22:39'),
(446, 32, 'Taraganj', 'তারাগঞ্জ', '2021-06-14 12:22:39', '2021-06-14 12:22:39'),
(447, 33, 'Thakurgaon Sadar', 'ঠাকুরগাঁও সদর', '2021-06-14 12:22:39', '2021-06-14 12:22:39'),
(448, 33, 'Pirganj', 'পীরগঞ্জ', '2021-06-14 12:22:39', '2021-06-14 12:22:39'),
(449, 33, 'Baliadangi', 'বালিয়াডাঙ্গি', '2021-06-14 12:22:39', '2021-06-14 12:22:39'),
(450, 33, 'Haripur', 'হরিপুর', '2021-06-14 12:22:39', '2021-06-14 12:22:39'),
(451, 33, 'Ranisankail', 'রাণীসংকইল', '2021-06-14 12:22:39', '2021-06-14 12:22:39'),
(452, 51, 'Ajmiriganj', 'আজমিরিগঞ্জ', '2021-06-14 12:22:39', '2021-06-14 12:22:39'),
(453, 51, 'Baniachang', 'বানিয়াচং', '2021-06-14 12:22:39', '2021-06-14 12:22:39'),
(454, 51, 'Bahubal', 'বাহুবল', '2021-06-14 12:22:39', '2021-06-14 12:22:39'),
(455, 51, 'Chunarughat', 'চুনারুঘাট', '2021-06-14 12:22:39', '2021-06-14 12:22:39'),
(456, 51, 'Habiganj Sadar', 'হবিগঞ্জ সদর', '2021-06-14 12:22:39', '2021-06-14 12:22:39'),
(457, 51, 'Lakhai', 'লাক্ষাই', '2021-06-14 12:22:39', '2021-06-14 12:22:39'),
(458, 51, 'Madhabpur', 'মাধবপুর', '2021-06-14 12:22:39', '2021-06-14 12:22:39'),
(459, 51, 'Nabiganj', 'নবীগঞ্জ', '2021-06-14 12:22:39', '2021-06-14 12:22:39'),
(460, 51, 'Shaistagonj', 'শায়েস্তাগঞ্জ', '2021-06-14 12:22:39', '2021-06-14 12:22:39'),
(461, 52, 'Moulvibazar Sadar', 'মৌলভীবাজার', '2021-06-14 12:22:39', '2021-06-14 12:22:39'),
(462, 52, 'Barlekha', 'বড়লেখা', '2021-06-14 12:22:39', '2021-06-14 12:22:39'),
(463, 52, 'Juri', 'জুড়ি', '2021-06-14 12:22:39', '2021-06-14 12:22:39'),
(464, 52, 'Kamalganj', 'কামালগঞ্জ', '2021-06-14 12:22:39', '2021-06-14 12:22:39'),
(465, 52, 'Kulaura', 'কুলাউরা', '2021-06-14 12:22:39', '2021-06-14 12:22:39'),
(466, 52, 'Rajnagar', 'রাজনগর', '2021-06-14 12:22:39', '2021-06-14 12:22:39'),
(467, 52, 'Sreemangal', 'শ্রীমঙ্গল', '2021-06-14 12:22:39', '2021-06-14 12:22:39'),
(468, 53, 'Bishwamvarpur', 'বিসশম্ভারপুর', '2021-06-14 12:22:39', '2021-06-14 12:22:39'),
(469, 53, 'Chhatak', 'ছাতক', '2021-06-14 12:22:39', '2021-06-14 12:22:39'),
(470, 53, 'Derai', 'দেড়াই', '2021-06-14 12:22:39', '2021-06-14 12:22:39'),
(471, 53, 'Dharampasha', 'ধরমপাশা', '2021-06-14 12:22:39', '2021-06-14 12:22:39'),
(472, 53, 'Dowarabazar', 'দোয়ারাবাজার', '2021-06-14 12:22:39', '2021-06-14 12:22:39'),
(473, 53, 'Jagannathpur', 'জগন্নাথপুর', '2021-06-14 12:22:39', '2021-06-14 12:22:39'),
(474, 53, 'Jamalganj', 'জামালগঞ্জ', '2021-06-14 12:22:39', '2021-06-14 12:22:39'),
(475, 53, 'Sulla', 'সুল্লা', '2021-06-14 12:22:39', '2021-06-14 12:22:39'),
(476, 53, 'Sunamganj Sadar', 'সুনামগঞ্জ সদর', '2021-06-14 12:22:39', '2021-06-14 12:22:39'),
(477, 53, 'Shanthiganj', 'শান্তিগঞ্জ', '2021-06-14 12:22:39', '2021-06-14 12:22:39'),
(478, 53, 'Tahirpur', 'তাহিরপুর', '2021-06-14 12:22:39', '2021-06-14 12:22:39'),
(479, 54, 'Sylhet Sadar', 'সিলেট সদর', '2021-06-14 12:22:39', '2021-06-14 12:22:39'),
(480, 54, 'Beanibazar', 'বেয়ানিবাজার', '2021-06-14 12:22:39', '2021-06-14 12:22:39'),
(481, 54, 'Bishwanath', 'বিশ্বনাথ', '2021-06-14 12:22:39', '2021-06-14 12:22:39'),
(482, 54, 'Dakshin Surma', 'দক্ষিণ সুরমা', '2021-06-14 12:22:39', '2021-06-14 12:22:39'),
(483, 54, 'Balaganj', 'বালাগঞ্জ', '2021-06-14 12:22:39', '2021-06-14 12:22:39'),
(484, 54, 'Companiganj', 'কোম্পানিগঞ্জ', '2021-06-14 12:22:39', '2021-06-14 12:22:39'),
(485, 54, 'Fenchuganj', 'ফেঞ্চুগঞ্জ', '2021-06-14 12:22:39', '2021-06-14 12:22:39'),
(486, 54, 'Golapganj', 'গোলাপগঞ্জ', '2021-06-14 12:22:39', '2021-06-14 12:22:39'),
(487, 54, 'Gowainghat', 'গোয়াইনঘাট', '2021-06-14 12:22:39', '2021-06-14 12:22:39'),
(488, 54, 'Jaintiapur', 'জয়ন্তপুর', '2021-06-14 12:22:39', '2021-06-14 12:22:39'),
(489, 54, 'Kanaighat', 'কানাইঘাট', '2021-06-14 12:22:39', '2021-06-14 12:22:39'),
(490, 54, 'Zakiganj', 'জাকিগঞ্জ', '2021-06-14 12:22:39', '2021-06-14 12:22:39'),
(491, 54, 'Nobigonj', 'নবীগঞ্জ', '2021-06-14 12:22:39', '2021-06-14 12:22:39');
